[{ "id": "WelcometoHelpNDoc", "parent" : "#", "text": "Welcome to HelpNDoc", "a_attr": {"href": "WelcometoHelpNDoc.html"}  },{ "id": "Addcontenttoatopic", "parent" : "#", "text": "Add content to a topic", "a_attr": {"href": "Addcontenttoatopic.html"}  },{ "id": "Addapicture", "parent" : "#", "text": "Add a picture", "a_attr": {"href": "Addapicture.html"}  },{ "id": "Generatedocumentation", "parent" : "#", "text": "Generate documentation", "a_attr": {"href": "Generatedocumentation.html"}  },{ "id": "Createnewtopics", "parent" : "#", "text": "Create new topics", "a_attr": {"href": "Createnewtopics.html"}  }]